Area,Perimeter,MajorAxisLength,MinorAxisLength,AspectRatio,Eccentricity,ConvexArea,EquivDiameter,Extent,Solidity,roundness,Compactness,ShapeFactor1,ShapeFactor2,ShapeFactor3,ShapeFactor4
37500,728.191,275.840463,173.8182658,1.586947504,0.776481079,37944,218.5096861,0.703406363,0.988298545,0.888690459,0.792159655,0.007355746,0.001786723,0.62751692,0.995836409
37500,715.578,272.1718135,175.668301,1.549350748,0.763818037,37797,218.5096861,0.786229453,0.992142234,0.920295232,0.802837308,0.007257915,0.001859952,0.644547743,0.998630528
37511,718.35,267.0397566,179.1419371,1.490660205,0.741598771,37868,218.5417319,0.717364697,0.990572515,0.913474259,0.8183865,0.007118972,0.00196984,0.669756464,0.998379308
37513,720.028,269.5896077,177.5109275,1.518721194,0.752625608,37981,218.5475578,0.780545152,0.98767805,0.909270059,0.810667591,0.007186565,0.001914575,0.657181943,0.998076145
37514,725.847,269.8811744,177.418223,1.521158142,0.753547167,37920,218.5504708,0.793309085,0.989293249,0.894773402,0.809802578,0.007194146,0.001908427,0.655780215,0.997545414
